File,Column,Fourier_Avg,Fourier_Std
WeatherAthenryProcessed.csv,wdsp^3,f(t) = 610.100261 * cos(2π * 0.000000 * t + -0.000000) + 123.046433 * cos(2π * -0.002732 * t + 0.526557) + 123.046433 * cos(2π * 0.002732 * t + -0.526557) + 35.649618 * cos(2π * -0.051913 * t + -3.089786) + 35.649618 * cos(2π * 0.051913 * t + 3.089786),f(t) = 717.610453 * cos(2π * 0.000000 * t + -0.000000) + 167.130250 * cos(2π * -0.002732 * t + 0.386012) + 167.130250 * cos(2π * 0.002732 * t + -0.386012) + 55.826966 * cos(2π * 0.106557 * t + -1.630790) + 55.826966 * cos(2π * -0.106557 * t + 1.630790)
WeatherAthenryProcessed.csv,wdsp^3,f(t) = 610.100261 * cos(2π * 0.000000 * t + -0.000000) + 123.046433 * cos(2π * -0.002732 * t + 0.526557) + 123.046433 * cos(2π * 0.002732 * t + -0.526557) + 35.649618 * cos(2π * -0.051913 * t + -3.089786) + 35.649618 * cos(2π * 0.051913 * t + 3.089786),f(t) = 717.610453 * cos(2π * 0.000000 * t + -0.000000) + 167.130250 * cos(2π * -0.002732 * t + 0.386012) + 167.130250 * cos(2π * 0.002732 * t + -0.386012) + 55.826966 * cos(2π * 0.106557 * t + -1.630790) + 55.826966 * cos(2π * -0.106557 * t + 1.630790)
